{
  "mean_self_transition": 0.9496272372373382,
  "stationary_dist": {
    "0": 0.7239339888644049,
    "1": 0.27606601113559526
  },
  "expected_durations": [
    35.95516558491542,
    13.711193693665077
  ],
  "startprob": [
    5.239308046406054e-261,
    1.0
  ]
}