{
  "mean_self_transition": 0.9527513632209365,
  "stationary_dist": {
    "0": 0.3333333333333333,
    "1": 0.3333333333333333,
    "2": 0.3333333333333333
  },
  "expected_durations": [
    24.601995261432286,
    29.034554843975908,
    15.002157100669967
  ],
  "startprob": [
    0.0,
    1.0,
    1.526110557e-313
  ]
}