{
  "mean_self_transition": 0.789683647354719,
  "stationary_dist": {
    "0": 0.16666666666666666,
    "1": 0.16666666666666666,
    "2": 0.16666666666666666,
    "3": 0.16666666666666666,
    "4": 0.16666666666666666,
    "5": 0.16666666666666666
  },
  "expected_durations": [
    8.192853044798186,
    8.380834997069037,
    90.84002716441766,
    16.766949322550857,
    4.6465802575072574,
    1.361175508396912
  ],
  "startprob": [
    0.0,
    0.0,
    0.0,
    1.0,
    0.0,
    0.0
  ]
}