{
  "mean_self_transition": 0.9787144895761664,
  "stationary_dist": {
    "0": 0.6348685135141038,
    "1": 0.3651314864858963
  },
  "expected_durations": [
    64.33342160301528,
    37.00003600841837
  ],
  "startprob": [
    0.0,
    1.0
  ]
}