{
  "mean_self_transition": 0.8233680702194431,
  "stationary_dist": {
    "0": 0.0,
    "1": 1.0,
    "2": 0.0,
    "3": 0.0,
    "4": 0.0,
    "5": 0.0
  },
  "expected_durations": [
    4.954195074404178,
    16.029912781549776,
    7.249823242091162,
    10.096305876926392,
    2.2280599599676973,
    9.110987213090551
  ],
  "startprob": [
    0.0,
    1.0,
    0.0,
    0.0,
    0.0,
    0.0
  ]
}