{
  "mean_self_transition": 0.9797121306912444,
  "stationary_dist": {
    "0": 2.7706616382654905e-15,
    "1": 0.7440909349135033,
    "2": 2.3771079320835748e-14,
    "3": 0.25590906508647004
  },
  "expected_durations": [
    23.010591713554188,
    135.87483851899916,
    111.93032380313026,
    46.73031381334455
  ],
  "startprob": [
    1.0,
    2.92539283577706e-232,
    4.882606952414428e-121,
    0.0
  ]
}