{
  "mean_self_transition": 0.7025979379080642,
  "stationary_dist": {
    "0": 0.3999999879602771,
    "1": 0.38305230256383305,
    "2": 0.08218350274835085,
    "3": 0.13476420672753908
  },
  "expected_durations": [
    36.8571530820008,
    4.930810583521037,
    1.3950879119490514,
    4.11744000110173
  ],
  "startprob": [
    0.0,
    1.0,
    0.0,
    0.0
  ]
}