{
  "mean_self_transition": 0.9515062590435035,
  "stationary_dist": {
    "0": 0.0,
    "1": 1.0,
    "2": 0.0,
    "3": 0.0,
    "4": 0.0
  },
  "expected_durations": [
    215.89385054844982,
    15.50040721165401,
    21.085465528625097,
    9.487981772522703,
    48.78087218020793
  ],
  "startprob": [
    0.0,
    1.0,
    0.0,
    0.0,
    0.0
  ]
}