{
  "mean_self_transition": 0.9458530143516167,
  "stationary_dist": {
    "0": 0.3333333333333333,
    "1": 0.3333333333333333,
    "2": 0.3333333333333333
  },
  "expected_durations": [
    43.419051685940445,
    36.857638060531926,
    8.906450496566103
  ],
  "startprob": [
    0.0,
    1.52933e-318,
    1.0
  ]
}