{
  "mean_self_transition": 0.7389001763820866,
  "stationary_dist": {
    "0": 0.06804399157471035,
    "1": 0.21229967657973992,
    "2": 0.38740224805136764,
    "3": 0.24297644774506721,
    "4": 0.08927763604911489
  },
  "expected_durations": [
    2.9396889450937267,
    2.560009005827332,
    4.716080516258119,
    34.38489239243899,
    2.997777844336995
  ],
  "startprob": [
    1.0,
    0.0,
    0.0,
    0.0,
    0.0
  ]
}