{
  "mean_self_transition": 0.8406209517473903,
  "stationary_dist": {
    "0": 0.3333333333333333,
    "1": 0.3333333333333333,
    "2": 0.3333333333333333
  },
  "expected_durations": [
    5.601140760385082,
    37.000336570598826,
    3.6687109423963937
  ],
  "startprob": [
    0.0,
    1.0,
    0.0
  ]
}