{
  "mean_self_transition": 0.9921657265978308,
  "stationary_dist": {
    "0": 0.3333333333333333,
    "1": 0.3333333333333333,
    "2": 0.3333333333333333
  },
  "expected_durations": [
    276.77488791178115,
    239.08234271508178,
    63.665410087016745
  ],
  "startprob": [
    1.0,
    2.5109279254346006e-97,
    1.1799415067284824e-36
  ]
}