{
  "mean_self_transition": 0.9787144686293635,
  "stationary_dist": {
    "0": 0.6348684283890526,
    "1": 0.36513157161094756
  },
  "expected_durations": [
    64.33334329499202,
    37.00000455825486
  ],
  "startprob": [
    0.0,
    1.0
  ]
}