{
  "mean_self_transition": 0.9981924878711028,
  "stationary_dist": {
    "0": 0.5,
    "1": 0.5
  },
  "expected_durations": [
    276.62331666071896,
    1000000028.2819322
  ],
  "startprob": [
    1.0,
    1.7278132131149152e-43
  ]
}