{
  "t_trade": 0.5,
  "t_long": 0.7,
  "t_short": 0.6,
  "precision_long": 0.3076923076923077,
  "precision_short": 0.2857142857142857,
  "coverage_total": 0.015026132404181184,
  "trades": 69
}