{
  "mean_self_transition": 0.7509930480514573,
  "stationary_dist": {
    "0": 0.7469406639955374,
    "1": 0.2530593360044626
  },
  "expected_durations": [
    7.934803349230918,
    2.68826717257739
  ],
  "startprob": [
    1.0,
    0.0
  ]
}