{
  "mean_self_transition": 0.7397198739551416,
  "stationary_dist": {
    "0": 0.36831178935258296,
    "1": 0.427682361278447,
    "2": 0.20400584936897012
  },
  "expected_durations": [
    30.998073121758022,
    4.3623260251439495,
    1.9255030363123633
  ],
  "startprob": [
    1.0,
    0.0,
    0.0
  ]
}