{
  "mean_self_transition": 0.7446951128382524,
  "stationary_dist": {
    "0": 0.7483719509935911,
    "1": 0.25162804900640895
  },
  "expected_durations": [
    7.783085935641382,
    2.616937642618079
  ],
  "startprob": [
    0.0,
    1.0
  ]
}