{
  "mean_self_transition": 0.7403600722091402,
  "stationary_dist": {
    "0": 0.36831334558705886,
    "1": 0.42745070412465064,
    "2": 0.2042359502882905
  },
  "expected_durations": [
    30.99814296991195,
    4.370532339737858,
    1.9310435668928063
  ],
  "startprob": [
    1.0,
    0.0,
    0.0
  ]
}