{
  "mean_self_transition": 0.8388590452069827,
  "stationary_dist": {
    "0": 0.3333333333333333,
    "1": 0.3333333333333333,
    "2": 0.3333333333333333
  },
  "expected_durations": [
    11.298711641542253,
    26.307502835815896,
    2.801864248199181
  ],
  "startprob": [
    0.0,
    0.0,
    1.0
  ]
}