{
  "mean_self_transition": 0.851782219744492,
  "stationary_dist": {
    "0": 0.3333333333333333,
    "1": 0.3333333333333333,
    "2": 0.3333333333333333
  },
  "expected_durations": [
    3.117532336033588,
    23.550606885730858,
    12.281229923971308
  ],
  "startprob": [
    1.0,
    0.0,
    0.0
  ]
}