{
  "mean_self_transition": 0.7942756896722192,
  "stationary_dist": {
    "0": 0.8484065164272284,
    "1": 0.15159348357277153
  },
  "expected_durations": [
    16.032596264870513,
    2.864708216460284
  ],
  "startprob": [
    0.0,
    1.0
  ]
}