{
  "mean_self_transition": 0.7975309004072915,
  "stationary_dist": {
    "0": 0.8494962584854031,
    "1": 0.15050374151459697
  },
  "expected_durations": [
    16.408313919107993,
    2.9070317992627435
  ],
  "startprob": [
    0.0,
    1.0
  ]
}