{
  "mean_self_transition": 0.8361101224706945,
  "stationary_dist": {
    "0": 0.42482331937263723,
    "1": 0.13972320784170164,
    "2": 0.43545347278566116
  },
  "expected_durations": [
    25.908361815248565,
    2.7511686966684836,
    11.161939567167348
  ],
  "startprob": [
    0.0,
    1.0,
    0.0
  ]
}