{
  "mean_self_transition": 0.9968971335499942,
  "stationary_dist": {
    "0": 0.6245093474842389,
    "1": 0.37549065251576097
  },
  "expected_durations": [
    429.14868947736795,
    258.02867817315496
  ],
  "startprob": [
    1.0,
    8.359315539762902e-40
  ]
}