{
  "mean_self_transition": 0.9875152512809876,
  "stationary_dist": {
    "0": 0.3333333333333333,
    "1": 0.3333333333333333,
    "2": 0.3333333333333333
  },
  "expected_durations": [
    164.62778005840465,
    102.86693499021754,
    46.170949752483125
  ],
  "startprob": [
    2.483441657673518e-116,
    3.018127996207434e-131,
    1.0
  ]
}