{
  "mean_self_transition": 0.8031015035632881,
  "stationary_dist": {
    "0": 0.2,
    "1": 0.2,
    "2": 0.2,
    "3": 0.2,
    "4": 0.2
  },
  "expected_durations": [
    4.91435363625418,
    22.03399414443977,
    3.258929135873354,
    2.3566630506219717,
    225.00000001091357
  ],
  "startprob": [
    0.0,
    0.0,
    0.0,
    0.0,
    1.0
  ]
}