{
  "mean_self_transition": 0.7834717241724888,
  "stationary_dist": {
    "0": 0.16666666666666666,
    "1": 0.16666666666666666,
    "2": 0.16666666666666666,
    "3": 0.16666666666666666,
    "4": 0.16666666666666666,
    "5": 0.16666666666666666
  },
  "expected_durations": [
    2.1571316207298805,
    23.042116759497045,
    4.324040313210772,
    2.1735215476651204,
    23.797815966605874,
    16.999984363228066
  ],
  "startprob": [
    0.0,
    0.0,
    0.0,
    0.0,
    0.0,
    1.0
  ]
}