{
  "mean_self_transition": 0.7753762258352115,
  "stationary_dist": {
    "0": 0.010844450366985187,
    "1": 0.27267483632511064,
    "2": 0.03768039107235953,
    "3": 0.29518670049722284,
    "4": 0.366508126122838,
    "5": 0.017105495615483836
  },
  "expected_durations": [
    1.066751393653851,
    43.73550572406452,
    6.010832836634221,
    22.860271731785968,
    105.11900285528758,
    5.958443966073041
  ],
  "startprob": [
    0.0,
    3.844536266174684e-203,
    0.0,
    0.0,
    0.0,
    1.0
  ]
}