{
  "mean_self_transition": 0.8454996021172265,
  "stationary_dist": {
    "0": 0.08544264045632265,
    "1": 0.20902419495711524,
    "2": 0.705533164586562
  },
  "expected_durations": [
    109.00007487098303,
    2.8461928210049416,
    9.710590610378333
  ],
  "startprob": [
    1.0,
    0.0,
    0.0
  ]
}