{
  "mean_self_transition": 0.9724642746950245,
  "stationary_dist": {
    "0": 0.3425597454097856,
    "1": 0.3200066762818463,
    "2": 0.07221716365591821,
    "3": 0.26521641465245
  },
  "expected_durations": [
    85.89432100173273,
    66.3569424215096,
    15.209744106232952,
    56.5503739043186
  ],
  "startprob": [
    2.5485773017383793e-91,
    2.5545814206582295e-92,
    6.879720106040513e-151,
    1.0
  ]
}