{
  "mean_self_transition": 0.8563394137811151,
  "stationary_dist": {
    "0": 0.07825926370870583,
    "1": 0.02185453547543044,
    "2": 0.03237355539334892,
    "3": 0.42929714852988016,
    "4": 0.4382154968926346
  },
  "expected_durations": [
    6.5317781613198935,
    2.08449950891097,
    15.106722740394053,
    73.95791628512372,
    173.70450674990897
  ],
  "startprob": [
    0.0,
    0.0,
    1.0,
    0.0,
    0.0
  ]
}