{
  "mean_self_transition": 0.8264718141242562,
  "stationary_dist": {
    "0": 0.7667941540299209,
    "1": 0.23320584597007915
  },
  "expected_durations": [
    12.355506250460792,
    3.757692038187967
  ],
  "startprob": [
    0.0,
    1.0
  ]
}