{
  "mean_self_transition": 0.8206859954423433,
  "stationary_dist": {
    "0": 0.25,
    "1": 0.25,
    "2": 0.25,
    "3": 0.25
  },
  "expected_durations": [
    57.76737445082471,
    4.772919481962268,
    2.2514320258684912,
    21.613171647508057
  ],
  "startprob": [
    1.0,
    0.0,
    0.0,
    0.0
  ]
}