{
  "coverage": 0.0,
  "precision_macro": 0.1847826086956522,
  "recall_macro": 0.3333333333333333,
  "f1_macro": 0.2377622377622378,
  "confusion_matrix": [
    [
      0,
      0,
      41
    ],
    [
      0,
      0,
      41
    ],
    [
      0,
      0,
      102
    ]
  ],
  "labels": [
    "long",
    "short",
    "skip"
  ]
}