{
  "mean_self_transition": 0.8330649662268526,
  "stationary_dist": {
    "0": 0.3333333333333333,
    "1": 0.3333333333333333,
    "2": 0.3333333333333333
  },
  "expected_durations": [
    3.4453765314072147,
    5.451675174416897,
    36.85792799579227
  ],
  "startprob": [
    1.0,
    0.0,
    4.937065745990421e-308
  ]
}