{
  "mean_self_transition": 0.998192494928034,
  "stationary_dist": {
    "0": 1.0,
    "1": 0.0
  },
  "expected_durations": [
    1000000028.2819322,
    276.6243966641531
  ],
  "startprob": [
    4.2368054320752206e-38,
    1.0
  ]
}