{
  "mean_self_transition": 0.9658503685383146,
  "stationary_dist": {
    "0": 0.15685096153846154,
    "1": 0.0,
    "2": 0.8431490384615384,
    "3": 0.0
  },
  "expected_durations": [
    21.05217914480634,
    64.10055221002344,
    97.46844324020392,
    15.813455752154452
  ],
  "startprob": [
    1.0,
    0.0,
    0.0,
    0.0
  ]
}