{
  "mean_self_transition": 0.7476556947897773,
  "stationary_dist": {
    "0": 0.16666666666666666,
    "1": 0.16666666666666666,
    "2": 0.16666666666666666,
    "3": 0.16666666666666666,
    "4": 0.16666666666666666,
    "5": 0.16666666666666666
  },
  "expected_durations": [
    2.3022865244659423,
    4.934650895748015,
    1.8975631901020058,
    3.8570197562844846,
    29.50002637685514,
    17.57192342321256
  ],
  "startprob": [
    0.0,
    0.0,
    0.0,
    0.0,
    1.0,
    0.0
  ]
}