{
  "mean_self_transition": 0.8978983783649033,
  "stationary_dist": {
    "0": 0.2,
    "1": 0.2,
    "2": 0.2,
    "3": 0.2,
    "4": 0.2
  },
  "expected_durations": [
    62.35648813633209,
    23.20099040008803,
    4.399999974772694,
    12.999348133236296,
    6.794862464392433
  ],
  "startprob": [
    0.0,
    1.0,
    0.0,
    0.0,
    0.0
  ]
}