{
  "mean_self_transition": 0.7298188918227351,
  "stationary_dist": {
    "0": 0.25,
    "1": 0.25,
    "2": 0.25,
    "3": 0.25
  },
  "expected_durations": [
    2.157468633704218,
    4.659841551602272,
    31.426423385148453,
    2.696883662908922
  ],
  "startprob": [
    1.0,
    0.0,
    0.0,
    0.0
  ]
}