{
  "mean_self_transition": 0.7921760285818129,
  "stationary_dist": {
    "0": 0.20686764813452396,
    "1": 0.0,
    "2": 1.4341263106651151e-201,
    "3": 0.0,
    "4": 0.793132351865476
  },
  "expected_durations": [
    10.802587468175881,
    1.3599604887615566,
    22.54741249744983,
    7.00582201788913,
    41.41721376991367
  ],
  "startprob": [
    0.0,
    0.0,
    1.0,
    0.0,
    0.0
  ]
}