{
  "mean_self_transition": 0.9925517832735085,
  "stationary_dist": {
    "0": 3.044690920107449e-14,
    "1": 0.23269690214932806,
    "2": 0.7673030978506414
  },
  "expected_durations": [
    276.04905884320453,
    69.6110774804679,
    229.53805960514646
  ],
  "startprob": [
    1.0,
    0.0,
    0.0
  ]
}