{
  "mean_self_transition": 0.4929336359823431,
  "stationary_dist": {
    "0": 0.0,
    "1": 0.3965586029374041,
    "2": 0.17776033260264285,
    "3": 0.027786108269931255,
    "4": 0.39789495619002185,
    "5": 0.0
  },
  "expected_durations": [
    14.06750149139029,
    1.000109273002109,
    15.982993826150656,
    1.1108413024220318,
    1.0108460661442134,
    51.636333216313695
  ],
  "startprob": [
    1.0,
    0.0,
    0.0,
    0.0,
    0.0,
    0.0
  ]
}