{
  "2": -5412.548273098309,
  "3": -2763.9446683779133,
  "4": -694.3185931704975,
  "5": 4379.198023628411,
  "6": 9406.624425928778
}