{
  "n_folds": 21,
  "fold_id_mean": 10.0,
  "coverage_A_mean": 0.0,
  "precision_A_mean": 0.22526107765565107,
  "recall_A_mean": 0.33333333333333326,
  "f1_A_mean": 0.26773959171824063,
  "signals_per_month_A_mean": 0.0,
  "winrate_A_mean": 0.0,
  "avg_pnl_A_mean": 0.0,
  "profit_factor_A_mean": 0.0,
  "max_drawdown_A_mean": 0.0,
  "coverage_B_mean": 0.0,
  "precision_B_mean": 0.22526107765565107,
  "recall_B_mean": 0.33333333333333326,
  "f1_B_mean": 0.26773959171824063,
  "signals_per_month_B_mean": 0.0,
  "winrate_B_mean": 0.0,
  "avg_pnl_B_mean": 0.0,
  "profit_factor_B_mean": 0.0,
  "max_drawdown_B_mean": 0.0,
  "fold_id_std": 6.2048368229954285,
  "coverage_A_std": 0.0,
  "precision_A_std": 0.030099967488756173,
  "recall_A_std": 5.688200336284365e-17,
  "f1_A_std": 0.021548353165098087,
  "signals_per_month_A_std": 0.0,
  "winrate_A_std": 0.0,
  "avg_pnl_A_std": 0.0,
  "profit_factor_A_std": 0.0,
  "max_drawdown_A_std": 0.0,
  "coverage_B_std": 0.0,
  "precision_B_std": 0.030099967488756173,
  "recall_B_std": 5.688200336284365e-17,
  "f1_B_std": 0.021548353165098087,
  "signals_per_month_B_std": 0.0,
  "winrate_B_std": 0.0,
  "avg_pnl_B_std": 0.0,
  "profit_factor_B_std": 0.0,
  "max_drawdown_B_std": 0.0
}