{
  "long": {
    "precision": 1.0,
    "recall": 0.0011614401858304297,
    "f1-score": 0.002320185614849188,
    "support": 861
  },
  "short": {
    "precision": 0.125,
    "recall": 0.0011587485515643105,
    "f1-score": 0.002296211251435132,
    "support": 863
  },
  "skip": {
    "precision": 0.7185148838730782,
    "recall": 0.9986360536485565,
    "f1-score": 0.8357271949015503,
    "support": 4399
  },
  "accuracy": 0.7177853993140617,
  "macro avg": {
    "precision": 0.614504961291026,
    "recall": 0.3336520807953171,
    "f1-score": 0.2801145305892782,
    "support": 6123
  },
  "weighted avg": {
    "precision": 0.674444222465731,
    "recall": 0.7177853993140617,
    "f1-score": 0.601068633104082,
    "support": 6123
  }
}