{
  "long": {
    "precision": 1.0,
    "recall": 0.0011614401858304297,
    "f1-score": 0.002320185614849188,
    "support": 861
  },
  "short": {
    "precision": 0.0,
    "recall": 0.0,
    "f1-score": 0.0,
    "support": 863
  },
  "skip": {
    "precision": 0.7184640522875817,
    "recall": 0.9995453512161855,
    "f1-score": 0.8360110276642266,
    "support": 4399
  },
  "accuracy": 0.7182753552180304,
  "macro avg": {
    "precision": 0.5728213507625273,
    "recall": 0.33356893046733865,
    "f1-score": 0.27944373775969195,
    "support": 6123
  },
  "weighted avg": {
    "precision": 0.656789705375318,
    "recall": 0.7182753552180304,
    "f1-score": 0.6009489123810744,
    "support": 6123
  }
}