{
  "mean_self_transition": 0.8064897610804717,
  "stationary_dist": {
    "0": 0.3333333333333333,
    "1": 0.3333333333333333,
    "2": 0.3333333333333333
  },
  "expected_durations": [
    4.87243551653159,
    36.85715163822304,
    2.87221978632481
  ],
  "startprob": [
    0.0,
    9.070054450182971e-252,
    1.0
  ]
}