{
  "mean_self_transition": 0.818034348861974,
  "stationary_dist": {
    "0": 0.3333333333333333,
    "1": 0.3333333333333333,
    "2": 0.3333333333333333
  },
  "expected_durations": [
    9.012807765394669,
    23.54257295516557,
    2.5479816977046084
  ],
  "startprob": [
    0.0,
    0.0,
    1.0
  ]
}