{
  "mean_self_transition": 0.8245982987251924,
  "stationary_dist": {
    "0": 0.3333333333333333,
    "1": 0.3333333333333333,
    "2": 0.3333333333333333
  },
  "expected_durations": [
    9.498979445733431,
    27.895101484852187,
    2.5968491741284545
  ],
  "startprob": [
    0.0,
    0.0,
    1.0
  ]
}