{
  "coverage": 0.0,
  "precision_macro": 0.20555555555555557,
  "recall_macro": 0.3333333333333333,
  "f1_macro": 0.25429553264604815,
  "confusion_matrix": [
    [
      0,
      0,
      31
    ],
    [
      0,
      0,
      38
    ],
    [
      0,
      0,
      111
    ]
  ],
  "labels": [
    "long",
    "short",
    "skip"
  ]
}