{
  "coverage": 0.0,
  "precision_macro": 0.21920289855072464,
  "recall_macro": 0.3333333333333333,
  "f1_macro": 0.26448087431693995,
  "confusion_matrix": [
    [
      0,
      0,
      27
    ],
    [
      0,
      0,
      36
    ],
    [
      0,
      0,
      121
    ]
  ],
  "labels": [
    "long",
    "short",
    "skip"
  ]
}