{
  "coverage": 0.0,
  "precision_macro": 0.21666666666666667,
  "recall_macro": 0.3333333333333333,
  "f1_macro": 0.26262626262626265,
  "confusion_matrix": [
    [
      0,
      0,
      36
    ],
    [
      0,
      0,
      27
    ],
    [
      0,
      0,
      117
    ]
  ],
  "labels": [
    "long",
    "short",
    "skip"
  ]
}