{
  "mean_self_transition": 0.7569973693923644,
  "stationary_dist": {
    "0": 0.4357780602754276,
    "1": 0.39845898585460526,
    "2": 0.16576295386996714
  },
  "expected_durations": [
    20.233893103082497,
    4.982696021266326,
    2.0881565290525104
  ],
  "startprob": [
    0.0,
    0.0,
    1.0
  ]
}