{
  "mean_self_transition": 0.7757215519712849,
  "stationary_dist": {
    "0": 0.4360425228268585,
    "1": 0.38875050013279205,
    "2": 0.17520697704034946
  },
  "expected_durations": [
    20.98276119532059,
    5.21669803519285,
    2.306884706248523
  ],
  "startprob": [
    0.0,
    0.0,
    1.0
  ]
}