{
  "mean_self_transition": 0.920268774807434,
  "stationary_dist": {
    "0": 0.2,
    "1": 0.2,
    "2": 0.2,
    "3": 0.2,
    "4": 0.2
  },
  "expected_durations": [
    105.8202698474546,
    3.100125276534593,
    22.35718319062406,
    114.49574578389766,
    75.8942532093756
  ],
  "startprob": [
    0.0,
    0.0,
    0.0,
    0.0,
    1.0
  ]
}