{
  "mean_self_transition": 0.9872048072336274,
  "stationary_dist": {
    "0": 0.4367967022570375,
    "1": 0.32592741188006324,
    "2": 0.23727588586289922
  },
  "expected_durations": [
    229.40002042682343,
    59.30560882715476,
    58.25954538764111
  ],
  "startprob": [
    1.0,
    2.3376901023321294e-239,
    0.0
  ]
}