{
  "mean_self_transition": 0.9959830644964157,
  "stationary_dist": {
    "0": 0.5656412482612362,
    "1": 0.4343587517387639
  },
  "expected_durations": [
    286.5672587025161,
    220.05643534988153
  ],
  "startprob": [
    7.927004644103286e-22,
    1.0
  ]
}