{
  "mean_self_transition": 0.9081872887673148,
  "stationary_dist": {
    "0": 0.25,
    "1": 0.25,
    "2": 0.25,
    "3": 0.25
  },
  "expected_durations": [
    3.454055756983507,
    39.66907219226777,
    42.33851210233653,
    34.592012660040886
  ],
  "startprob": [
    1.0,
    0.0,
    0.0,
    0.0
  ]
}