{
  "mean_self_transition": 0.8601171004475617,
  "stationary_dist": {
    "0": 0.25,
    "1": 0.25,
    "2": 0.25,
    "3": 0.25
  },
  "expected_durations": [
    8.830159858001108,
    224.99999999455227,
    17.30607173999223,
    2.6037887599406715
  ],
  "startprob": [
    0.0,
    1.0,
    0.0,
    0.0
  ]
}