{
  "mean_self_transition": 0.7626173445390002,
  "stationary_dist": {
    "0": 0.04888142151688221,
    "1": 0.30329178791776273,
    "2": 0.06642864398801442,
    "3": 0.0747931394720684,
    "4": 0.4209562302133911,
    "5": 0.08564877689188109
  },
  "expected_durations": [
    2.6515688657849794,
    18.02722783064355,
    1.387559227014112,
    6.633022214841679,
    9.385837858353506,
    73.0205540211417
  ],
  "startprob": [
    0.0,
    0.0,
    0.0,
    0.0,
    0.0,
    1.0
  ]
}