{
  "mean_self_transition": 0.8306557002838355,
  "stationary_dist": {
    "0": 0.418173870913121,
    "1": 0.1577769261110494,
    "2": 0.4240492029758295
  },
  "expected_durations": [
    29.154450127501267,
    2.710483008709466,
    9.542450502179515
  ],
  "startprob": [
    0.0,
    1.0,
    0.0
  ]
}