{
  "mean_self_transition": 0.8144434537929535,
  "stationary_dist": {
    "0": 0.2,
    "1": 0.2,
    "2": 0.2,
    "3": 0.2,
    "4": 0.2
  },
  "expected_durations": [
    23.96559123509446,
    23.78454688459099,
    1.8778110680869862,
    3.3079405895391827,
    109.00004628765724
  ],
  "startprob": [
    0.0,
    0.0,
    0.0,
    0.0,
    1.0
  ]
}