{
  "mean_self_transition": 0.8525337690589659,
  "stationary_dist": {
    "0": 0.16666666666666666,
    "1": 0.16666666666666666,
    "2": 0.16666666666666666,
    "3": 0.16666666666666666,
    "4": 0.16666666666666666,
    "5": 0.16666666666666666
  },
  "expected_durations": [
    1.7481329935673928,
    102.37735911607761,
    4.819603673857718,
    45.36941407480998,
    168.2401083188946,
    14.810506237454149
  ],
  "startprob": [
    0.0,
    0.0,
    0.0,
    1.7880942111469585e-237,
    0.0,
    1.0
  ]
}