{
  "mean_self_transition": 0.7963596225221126,
  "stationary_dist": {
    "0": 0.8314201161106135,
    "1": 0.1685798838893864
  },
  "expected_durations": [
    14.56466032624368,
    2.953150518142927
  ],
  "startprob": [
    0.0,
    1.0
  ]
}