{
  "mean_self_transition": 0.9947172282051845,
  "stationary_dist": {
    "0": 1.0,
    "1": 0.0,
    "2": 0.0
  },
  "expected_durations": [
    281.9808909807827,
    227.49623890110266,
    126.48143405501274
  ],
  "startprob": [
    1.0,
    0.0,
    0.0
  ]
}