{
  "mean_self_transition": 0.9850979744986346,
  "stationary_dist": {
    "0": 0.6505059310313909,
    "1": 0.34949406896860913
  },
  "expected_durations": [
    96.00301934848332,
    51.57906218037918
  ],
  "startprob": [
    0.0,
    1.0
  ]
}