{
  "mean_self_transition": 0.7355110352155729,
  "stationary_dist": {
    "0": 0.16666666666666666,
    "1": 0.16666666666666666,
    "2": 0.16666666666666666,
    "3": 0.16666666666666666,
    "4": 0.16666666666666666,
    "5": 0.16666666666666666
  },
  "expected_durations": [
    22.056387383587108,
    7.196063627437244,
    1.4528532681141566,
    2.5759208158958686,
    6.1637588582700396,
    6.102008148659151
  ],
  "startprob": [
    0.0,
    1.9809587608602744e-242,
    0.0,
    0.0,
    0.0,
    1.0
  ]
}