{
  "mean_self_transition": 0.9519024680600758,
  "stationary_dist": {
    "0": 0.20777005136523913,
    "1": 0.20094326339906787,
    "2": 0.11722216915899045,
    "3": 0.4740645160767025
  },
  "expected_durations": [
    17.758274643696467,
    29.99100889348604,
    13.20069362512174,
    37.062528782822405
  ],
  "startprob": [
    0.0,
    1.0,
    4.6802814041522617e-88,
    0.0
  ]
}