{
  "mean_self_transition": 0.9911757788719087,
  "stationary_dist": {
    "0": 5.538466487459574e-07,
    "1": 1.6327081934232388e-15,
    "2": 0.44442998620708973,
    "3": 0.5555694599462598
  },
  "expected_durations": [
    54.69934006031229,
    265.33399708676137,
    135.88359288264488,
    169.86426806535698
  ],
  "startprob": [
    1.503424568471972e-64,
    1.0,
    3.322128736812354e-257,
    0.0
  ]
}