{
  "mean_self_transition": 0.9850792828311175,
  "stationary_dist": {
    "0": 0.6489803708010696,
    "1": 0.3510196291989303
  },
  "expected_durations": [
    95.46603889904253,
    51.6355425882433
  ],
  "startprob": [
    1.2872317739319346e-280,
    1.0
  ]
}