{
  "mean_self_transition": 0.7952870132722587,
  "stationary_dist": {
    "0": 0.14963825202474895,
    "1": 1.049847817461505e-14,
    "2": 0.5462339006966566,
    "3": 0.026703500835031705,
    "4": 0.27742434644355224
  },
  "expected_durations": [
    14.159054333141889,
    265.6618762103317,
    30.797315485688067,
    1.1120268079629478,
    57.32201038994166
  ],
  "startprob": [
    0.0,
    1.0,
    0.0,
    0.0,
    0.0
  ]
}