{
  "mean_self_transition": 0.998225828323154,
  "stationary_dist": {
    "0": 1.0,
    "1": 0.0
  },
  "expected_durations": [
    281.8216560016768,
    1000000028.2819322
  ],
  "startprob": [
    1.0,
    8.111355734861186e-64
  ]
}