{
  "mean_self_transition": 0.9419594915210053,
  "stationary_dist": {
    "0": 0.6725994500078465,
    "1": 0.0,
    "2": 0.0,
    "3": 0.3274005499921535
  },
  "expected_durations": [
    37.26328689206767,
    17.00112995893914,
    10.94387177762946,
    18.138612249587872
  ],
  "startprob": [
    0.0,
    7.652457119384975e-108,
    1.0,
    0.0
  ]
}