{
  "mean_self_transition": 0.6478326755835635,
  "stationary_dist": {
    "0": 0.16666666666666666,
    "1": 0.16666666666666666,
    "2": 0.16666666666666666,
    "3": 0.16666666666666666,
    "4": 0.16666666666666666,
    "5": 0.16666666666666666
  },
  "expected_durations": [
    13.819202212131792,
    9.76156289864604,
    1.4466534486491929,
    1.2925092079854879,
    2.489082670125118,
    13.98515561115991
  ],
  "startprob": [
    0.0,
    0.0,
    1.0,
    0.0,
    6.347770650833494e-31,
    0.0
  ]
}