{
  "mean_self_transition": 0.8953363436601265,
  "stationary_dist": {
    "0": 0.0875527524531699,
    "1": 0.46313538667801607,
    "2": 0.1802653116927221,
    "3": 0.14467523046771344,
    "4": 0.12437131870837846
  },
  "expected_durations": [
    6.970107979596465,
    37.220724215619775,
    8.860115678472397,
    8.14886814514597,
    8.51789076836898
  ],
  "startprob": [
    0.0,
    0.0,
    0.0,
    1.0,
    0.0
  ]
}