{
  "mean_self_transition": 0.8929810523911026,
  "stationary_dist": {
    "0": 0.2,
    "1": 0.2,
    "2": 0.2,
    "3": 0.2,
    "4": 0.2
  },
  "expected_durations": [
    4.641560493711459,
    4.390546891694501,
    21.355215109141366,
    31.510843798226134,
    75.04229505754269
  ],
  "startprob": [
    2.0070351094590492e-66,
    1.0,
    0.0,
    0.0,
    0.0
  ]
}