{
  "mean_self_transition": 0.8783992046508933,
  "stationary_dist": {
    "0": 0.14622203755892885,
    "1": 0.10670459405656382,
    "2": 0.2630510411003357,
    "3": 0.4840223272841716
  },
  "expected_durations": [
    6.363268745441656,
    4.284000529180459,
    15.464202545529186,
    32.09335744051809
  ],
  "startprob": [
    1.0,
    3.126942853279651e-50,
    0.0,
    0.0
  ]
}