{
  "mean_self_transition": 0.9614679835054947,
  "stationary_dist": {
    "0": 0.3302092933667064,
    "1": 0.2558659892359091,
    "2": 0.4139247173973845
  },
  "expected_durations": [
    50.63108083734167,
    14.499321940587654,
    37.2070968694411
  ],
  "startprob": [
    1.0,
    0.0,
    0.0
  ]
}