{
  "mean_self_transition": 0.6431654873118413,
  "stationary_dist": {
    "0": 0.3457220932178032,
    "1": 0.04607039527375226,
    "2": 0.023976858810757305,
    "3": 0.13677278021686454,
    "4": 0.4474578724808228,
    "5": 6.447220047417464e-102
  },
  "expected_durations": [
    7.5550965740191955,
    1.000000001,
    1.1114622819296647,
    11.108189537601337,
    65.50274596925296,
    274.7066854848317
  ],
  "startprob": [
    0.0,
    0.0,
    0.0,
    0.0,
    0.0,
    1.0
  ]
}