{
  "mean_self_transition": 0.9883590561881979,
  "stationary_dist": {
    "0": 0.6469456177677315,
    "1": 0.3530543822322685
  },
  "expected_durations": [
    121.65786897642138,
    66.39173772189558
  ],
  "startprob": [
    3.5530144750746766e-91,
    1.0
  ]
}