{
  "mean_self_transition": 0.9030727996902913,
  "stationary_dist": {
    "0": 0.28445498954459686,
    "1": 0.11983356388479288,
    "2": 0.08415708747152029,
    "3": 0.3919310324136265,
    "4": 0.1196233266854635
  },
  "expected_durations": [
    37.97201164776463,
    5.5505838645374,
    8.007860337507108,
    34.99340616205182,
    8.02018049950058
  ],
  "startprob": [
    0.0,
    1.0,
    1.8910290519660676e-117,
    0.0,
    5.066856042014414e-44
  ]
}