{
  "mean_self_transition": 0.9885985266321525,
  "stationary_dist": {
    "0": 0.6478415439690033,
    "1": 0.3521584560309968
  },
  "expected_durations": [
    124.5291162563765,
    67.69244998256619
  ],
  "startprob": [
    3.897962019355558e-246,
    1.0
  ]
}