{
  "mean_self_transition": 0.6871204233945494,
  "stationary_dist": {
    "0": 0.26432358416639556,
    "1": 0.14345128938314142,
    "2": 0.13530989903380905,
    "3": 0.45691522741665397
  },
  "expected_durations": [
    1.5748833917693874,
    8.451106849792168,
    7.518339753770319,
    2.7381140951986116
  ],
  "startprob": [
    0.0,
    1.0,
    0.0,
    0.0
  ]
}