{
  "mean_self_transition": 0.914934963675238,
  "stationary_dist": {
    "0": 0.32577195501958084,
    "1": 0.14208708170605047,
    "2": 0.1201703063787868,
    "3": 0.24865138481421056,
    "4": 0.16331927208137137
  },
  "expected_durations": [
    72.38205749718806,
    7.832100873082573,
    8.612521099420949,
    34.807541685839084,
    7.194735623247851
  ],
  "startprob": [
    0.0,
    0.0,
    0.0,
    0.0,
    1.0
  ]
}