{
  "mean_self_transition": 0.7527022246629037,
  "stationary_dist": {
    "0": 0.16666666666666666,
    "1": 0.16666666666666666,
    "2": 0.16666666666666666,
    "3": 0.16666666666666666,
    "4": 0.16666666666666666,
    "5": 0.16666666666666666
  },
  "expected_durations": [
    72.20549490041931,
    8.275073667270073,
    2.351820121357261,
    8.354137995983653,
    7.689853127295866,
    1.4833555562485516
  ],
  "startprob": [
    0.0,
    4.005479917876682e-136,
    0.0,
    0.0,
    1.0,
    0.0
  ]
}