{
  "mean_self_transition": 0.9482852620580825,
  "stationary_dist": {
    "0": 0.3333333333333333,
    "1": 0.3333333333333333,
    "2": 0.3333333333333333
  },
  "expected_durations": [
    20.86544351738749,
    29.17721311515223,
    13.709003809885978
  ],
  "startprob": [
    0.0,
    1.0,
    0.0
  ]
}