{
  "mean_self_transition": 0.9914853255618628,
  "stationary_dist": {
    "0": 0.4485962406873482,
    "1": 0.0,
    "2": 0.5514037593126518
  },
  "expected_durations": [
    82.75444213655304,
    275.5466061641697,
    101.71977906903474
  ],
  "startprob": [
    0.0,
    1.0,
    0.0
  ]
}