{
  "mean_self_transition": 0.9540718447073857,
  "stationary_dist": {
    "0": 0.3333333333333333,
    "1": 0.3333333333333333,
    "2": 0.3333333333333333
  },
  "expected_durations": [
    37.85684021904316,
    35.36482862896873,
    12.034783594936334
  ],
  "startprob": [
    0.0,
    1.0,
    1.3700340787370477e-137
  ]
}