{
  "mean_self_transition": 0.9390745236205716,
  "stationary_dist": {
    "0": 0.16029545421595554,
    "1": 0.20263828760313882,
    "2": 0.6370662581809056
  },
  "expected_durations": [
    8.944278447193456,
    15.917187174803676,
    122.73038742867301
  ],
  "startprob": [
    1.0,
    1.88848562486247e-145,
    0.0
  ]
}