{
  "coverage": 0.0,
  "precision_macro": 0.2537037037037037,
  "recall_macro": 0.3333333333333333,
  "f1_macro": 0.288117770767613,
  "confusion_matrix": [
    [
      0,
      0,
      25
    ],
    [
      0,
      0,
      18
    ],
    [
      0,
      0,
      137
    ]
  ],
  "labels": [
    "long",
    "short",
    "skip"
  ]
}