{
  "coverage": 0.0,
  "precision_macro": 0.1648550724637681,
  "recall_macro": 0.3333333333333333,
  "f1_macro": 0.2206060606060606,
  "confusion_matrix": [
    [
      0,
      0,
      49
    ],
    [
      0,
      0,
      44
    ],
    [
      0,
      0,
      91
    ]
  ],
  "labels": [
    "long",
    "short",
    "skip"
  ]
}