{
  "coverage": 0.0,
  "precision_macro": 0.184981684981685,
  "recall_macro": 0.3333333333333333,
  "f1_macro": 0.2379269729093051,
  "confusion_matrix": [
    [
      0,
      0,
      45
    ],
    [
      0,
      0,
      36
    ],
    [
      0,
      0,
      101
    ]
  ],
  "labels": [
    "long",
    "short",
    "skip"
  ]
}