{
  "mean_self_transition": 0.7767196157106753,
  "stationary_dist": {
    "0": 0.37422133631668214,
    "1": 0.1924053386390355,
    "2": 0.43337332504428233
  },
  "expected_durations": [
    27.981381819754592,
    2.2086711335157476,
    5.514437091734136
  ],
  "startprob": [
    1.0,
    0.0,
    0.0
  ]
}