{
  "mean_self_transition": 0.7786108718403426,
  "stationary_dist": {
    "0": 0.42926134960038714,
    "1": 0.20251053578708608,
    "2": 0.36822811461252675
  },
  "expected_durations": [
    23.2063583986136,
    2.308858835415714,
    5.320242691479781
  ],
  "startprob": [
    0.0,
    1.0,
    0.0
  ]
}