{
  "mean_self_transition": 0.7745246960619167,
  "stationary_dist": {
    "0": 0.3333333333333333,
    "1": 0.3333333333333333,
    "2": 0.3333333333333333
  },
  "expected_durations": [
    28.92457943387145,
    5.521730627404863,
    2.1703715696776067
  ],
  "startprob": [
    1.0,
    0.0,
    0.0
  ]
}