{
  "coverage": 0.0,
  "precision_macro": 0.23245614035087717,
  "recall_macro": 0.3333333333333333,
  "f1_macro": 0.2739018087855297,
  "confusion_matrix": [
    [
      0,
      0,
      11
    ],
    [
      0,
      0,
      12
    ],
    [
      0,
      0,
      53
    ]
  ],
  "labels": [
    "long",
    "short",
    "skip"
  ]
}