{
  "mean_self_transition": 0.9766450944001,
  "stationary_dist": {
    "0": 0.17199380029357414,
    "1": 0.0,
    "2": 0.828006199706426,
    "3": 2.8440325882533355e-55
  },
  "expected_durations": [
    29.142462452151094,
    113.13023343818247,
    140.2965661779985,
    23.18125446365121
  ],
  "startprob": [
    1.5771022330250648e-273,
    8.046395809837295e-113,
    0.0,
    1.0
  ]
}