{
  "mean_self_transition": 0.7688951569244431,
  "stationary_dist": {
    "0": 0.2,
    "1": 0.2,
    "2": 0.2,
    "3": 0.2,
    "4": 0.2
  },
  "expected_durations": [
    7.2000000282994066,
    31.125657869674335,
    56.97864274986211,
    1.8439455438398544,
    2.3549265635331955
  ],
  "startprob": [
    0.0,
    0.0,
    0.0,
    0.0,
    1.0
  ]
}