{
  "mean_self_transition": 0.9322744968727454,
  "stationary_dist": {
    "0": 0.15581876735936803,
    "1": 0.2589628746323808,
    "2": 0.5316029475261282,
    "3": 0.05361541048212289
  },
  "expected_durations": [
    10.890909804867446,
    20.700203350834357,
    92.79624698687961,
    8.333519658855186
  ],
  "startprob": [
    0.0,
    0.0,
    0.0,
    1.0
  ]
}