{
  "mean_self_transition": 0.5549437822729703,
  "stationary_dist": {
    "0": 0.3868655743406253,
    "1": 0.05655318636466178,
    "2": 0.037986466816203865,
    "3": 0.0561901917883784,
    "4": 0.3368260061365602,
    "5": 0.12557857455357055
  },
  "expected_durations": [
    9.826077735954614,
    1.1333362005795669,
    1.2380947115776035,
    1.8500014090042145,
    15.062501516964986,
    3.6819695064452427
  ],
  "startprob": [
    0.0,
    0.0,
    0.0,
    0.0,
    1.0,
    0.0
  ]
}