{
  "mean_self_transition": 0.6235490386048697,
  "stationary_dist": {
    "0": 0.16666666666666666,
    "1": 0.16666666666666666,
    "2": 0.16666666666666666,
    "3": 0.16666666666666666,
    "4": 0.16666666666666666,
    "5": 0.16666666666666666
  },
  "expected_durations": [
    10.850211257476971,
    21.72772269455117,
    1.000000001,
    1.0000000011825125,
    10.360802463363605,
    41.66685154713559
  ],
  "startprob": [
    0.0,
    0.0,
    0.0,
    0.0,
    0.0,
    1.0
  ]
}