{
  "mean_self_transition": 0.9981946729435722,
  "stationary_dist": {
    "0": 0.5,
    "1": 0.5
  },
  "expected_durations": [
    276.95812690546876,
    1000000028.2819322
  ],
  "startprob": [
    1.0,
    1.302342058067411e-101
  ]
}