{
  "mean_self_transition": 0.9463615051110159,
  "stationary_dist": {
    "0": 0.38841974838333765,
    "1": 0.0,
    "2": 0.09297302846169374,
    "3": 0.0,
    "4": 0.5186072231549687
  },
  "expected_durations": [
    48.629034670162866,
    209.76919681615496,
    4.991943399232465,
    59.22593846106762,
    38.97996329698124
  ],
  "startprob": [
    0.0,
    0.0,
    0.0,
    1.0,
    0.0
  ]
}