{
  "mean_self_transition": 0.9920999193819923,
  "stationary_dist": {
    "0": 0.3333333333333333,
    "1": 0.3333333333333333,
    "2": 0.3333333333333333
  },
  "expected_durations": [
    276.9095778336651,
    236.22672744291864,
    63.06866864397111
  ],
  "startprob": [
    1.0,
    8.590123728525337e-190,
    1.7221652467216833e-89
  ]
}