{
  "mean_self_transition": 0.978649363616132,
  "stationary_dist": {
    "0": 0.6378582001125339,
    "1": 0.36214179988746603
  },
  "expected_durations": [
    64.66667397716633,
    36.714281799145
  ],
  "startprob": [
    0.0,
    1.0
  ]
}