{
  "mean_self_transition": 0.9429750816158203,
  "stationary_dist": {
    "0": 0.3333333333333333,
    "1": 0.3333333333333333,
    "2": 0.3333333333333333
  },
  "expected_durations": [
    32.917084954093895,
    36.57153569905247,
    8.822097809048802
  ],
  "startprob": [
    0.0,
    0.0,
    1.0
  ]
}