{
  "mean_self_transition": 0.8207549115339026,
  "stationary_dist": {
    "0": 0.7944316553776165,
    "1": 0.20556834462238352
  },
  "expected_durations": [
    13.569582987262532,
    3.511285952699985
  ],
  "startprob": [
    0.0,
    1.0
  ]
}