{
  "mean_self_transition": 0.8179880273981203,
  "stationary_dist": {
    "0": 0.7942683144254494,
    "1": 0.20573168557455057
  },
  "expected_durations": [
    13.35269298695567,
    3.458619694722456
  ],
  "startprob": [
    0.0,
    1.0
  ]
}