{
  "mean_self_transition": 0.7929459093593375,
  "stationary_dist": {
    "0": 0.3333333333333333,
    "1": 0.3333333333333333,
    "2": 0.3333333333333333
  },
  "expected_durations": [
    2.398140966300672,
    6.179221121025631,
    23.618376749117623
  ],
  "startprob": [
    1.0,
    0.0,
    0.0
  ]
}