{
  "mean_self_transition": 0.7849131470487588,
  "stationary_dist": {
    "0": 0.3333333333333333,
    "1": 0.3333333333333333,
    "2": 0.3333333333333333
  },
  "expected_durations": [
    2.277472249977682,
    6.065178872179659,
    24.21209398613622
  ],
  "startprob": [
    1.0,
    0.0,
    0.0
  ]
}