{
  "mean_self_transition": 0.7927536756910075,
  "stationary_dist": {
    "0": 0.3333333333333333,
    "1": 0.3333333333333333,
    "2": 0.3333333333333333
  },
  "expected_durations": [
    2.401891887345824,
    22.193817205735442,
    6.236633863126768
  ],
  "startprob": [
    1.0,
    0.0,
    0.0
  ]
}