{
  "mean_self_transition": 0.7239944841682736,
  "stationary_dist": {
    "0": 0.16666666666666666,
    "1": 0.16666666666666666,
    "2": 0.16666666666666666,
    "3": 0.16666666666666666,
    "4": 0.16666666666666666,
    "5": 0.16666666666666666
  },
  "expected_durations": [
    1.4110097186539412,
    4.862072115606366,
    15.81677837094087,
    4.985522879675223,
    7.691347161610902,
    2.8749996660465253
  ],
  "startprob": [
    0.0,
    0.0,
    0.0,
    0.0,
    1.0,
    0.0
  ]
}