{
  "mean_self_transition": 0.7591738318802695,
  "stationary_dist": {
    "0": 0.006386832843915731,
    "1": 0.31475035184542355,
    "2": 0.20127261990774362,
    "3": 0.09243824736112359,
    "4": 0.35959495849684764,
    "5": 0.025556989544945938
  },
  "expected_durations": [
    1.000000001,
    86.01063265102452,
    36.27946862550952,
    10.11534544980433,
    49.19180101684452,
    3.4894459046374453
  ],
  "startprob": [
    0.0,
    0.0,
    3.903320194019206e-198,
    1.739904787645115e-150,
    1.0,
    0.0
  ]
}