{
  "mean_self_transition": 0.7799076947176692,
  "stationary_dist": {
    "0": 0.2,
    "1": 0.2,
    "2": 0.2,
    "3": 0.2,
    "4": 0.2
  },
  "expected_durations": [
    9.351529075362391,
    2.1489014132679958,
    107.98855820891207,
    4.462014447502799,
    3.3921438375696096
  ],
  "startprob": [
    0.0,
    0.0,
    1.0,
    0.0,
    0.0
  ]
}