{
  "mean_self_transition": 0.9746916352692819,
  "stationary_dist": {
    "0": 0.25,
    "1": 0.25,
    "2": 0.25,
    "3": 0.25
  },
  "expected_durations": [
    32.93331314860148,
    57.8199823066074,
    501.37522407451524,
    19.38754935401358
  ],
  "startprob": [
    0.0,
    8.265030571506126e-290,
    1.0,
    0.0
  ]
}