{
  "mean_self_transition": 0.9591964075919188,
  "stationary_dist": {
    "0": 0.5851515714950467,
    "1": 0.41484842850495335
  },
  "expected_durations": [
    29.538072653220755,
    20.941280205307454
  ],
  "startprob": [
    0.0,
    1.0
  ]
}