{
  "mean_self_transition": 0.9873482559575256,
  "stationary_dist": {
    "0": 0.3333333333333333,
    "1": 0.3333333333333333,
    "2": 0.3333333333333333
  },
  "expected_durations": [
    247.7912563892199,
    35.057755281671334,
    185.34931732726633
  ],
  "startprob": [
    1.0,
    4.3244908425345176e-207,
    2.118520111218944e-199
  ]
}