{
  "mean_self_transition": 0.7526613432319517,
  "stationary_dist": {
    "0": 0.3333333333333333,
    "1": 0.3333333333333333,
    "2": 0.3333333333333333
  },
  "expected_durations": [
    2.091122552990907,
    4.415593011459106,
    26.7853978983452
  ],
  "startprob": [
    1.0,
    0.0,
    1.8564038670883858e-232
  ]
}