{
  "mean_self_transition": 0.7507654194266157,
  "stationary_dist": {
    "0": 0.38177973938989623,
    "1": 0.34988163020859164,
    "2": 0.16254154290556522,
    "3": 0.10579708749594684
  },
  "expected_durations": [
    18.903483336971345,
    4.499841132716225,
    2.2203036250183508,
    3.6843390951980544
  ],
  "startprob": [
    0.0,
    0.0,
    0.0,
    1.0
  ]
}