{
  "mean_self_transition": 0.7722665283390809,
  "stationary_dist": {
    "0": 0.2,
    "1": 0.2,
    "2": 0.2,
    "3": 0.2,
    "4": 0.2
  },
  "expected_durations": [
    1.3193350636711734,
    57.48282973728365,
    12.774483382570851,
    4.6931107543578445,
    13.897777836253844
  ],
  "startprob": [
    1.352183683159546e-257,
    0.0,
    4.426064368594877e-303,
    0.0,
    1.0
  ]
}