{
  "mean_self_transition": 0.9960346337889585,
  "stationary_dist": {
    "0": 0.5,
    "1": 0.5
  },
  "expected_durations": [
    247.44672457610895,
    257.10519987696074
  ],
  "startprob": [
    1.0,
    2.961391967486232e-52
  ]
}